<?xml version="1.0" encoding="utf-8" ?>
<!DOCTYPE article PUBLIC "-//NLM//DTD JATS (Z39.96) Journal Archiving
and Interchange DTD v1.2 20190208//EN" "JATS-archivearticle1.dtd">

<article xmlns:mml="http://www.w3.org/1998/Math/MathML" xmlns:xlink="http://www.w3.org/1999/xlink" dtd-version="1.2" article-type="other">

<front>
<journal-meta>
<journal-id></journal-id>

<journal-title-group>
<journal-title>Earth and Space Science</journal-title>
</journal-title-group>
<issn></issn>

<publisher>
<publisher-name></publisher-name>
</publisher>
</journal-meta>


<article-meta>


<title-group>
<article-title>Near Infra-Red Spectroscopy Predicts Crude Protein in
Hemp Grain</article-title>
</title-group>

<contrib-group>
<contrib contrib-type="author" corresp="yes">
<name>
<surname>Crawford</surname>
<given-names>Ryan</given-names>
</name>
<string-name>Ryan Crawford</string-name>

<email>rvc3@cornell.edu</email>
<xref ref-type="aff" rid="aff-1">a</xref>
<xref ref-type="corresp" rid="cor-1">&#x002A;</xref>
</contrib>
<contrib contrib-type="author">
<name>
<surname>Crawford</surname>
<given-names>Jamie</given-names>
</name>
<string-name>Jamie Crawford</string-name>

<xref ref-type="aff" rid="aff-1">a</xref>
</contrib>
<contrib contrib-type="author">
<name>
<surname>Smart</surname>
<given-names>Lawrence B.</given-names>
</name>
<string-name>Lawrence B. Smart</string-name>

<xref ref-type="aff" rid="aff-2">b</xref>
<xref ref-type="aff" rid="aff-3">c</xref>
</contrib>
<contrib contrib-type="author">
<name>
<surname>Moore</surname>
<given-names>Virginia</given-names>
</name>
<string-name>Virginia Moore</string-name>

<xref ref-type="aff" rid="aff-4">d</xref>
</contrib>
</contrib-group>
<aff id="aff-1">
<institution-wrap>
<institution>Cornell University</institution>
</institution-wrap>
<addr-line>126 Medicago Drive</addr-line>
<city>Ithaca</city>
<state>NY</state>

<postal-code>14853</postal-code>


</aff>
<aff id="aff-2">
<institution-wrap>
<institution>Cornell AgriTech</institution>
</institution-wrap>
<addr-line>102 Hedrick Hall</addr-line>
<city>Geneva</city>
<state>NY</state>

<postal-code>14456</postal-code>


</aff>
<aff id="aff-3">
<institution-wrap>
<institution>Curvenote</institution>
</institution-wrap>







</aff>
<aff id="aff-4">
<institution-wrap>
<institution>Cornell University</institution>
</institution-wrap>
<addr-line>162 Emerson Hall</addr-line>
<city>Ithaca</city>
<state>NY</state>

<postal-code>14853</postal-code>


</aff>
<author-notes>
<corresp id="cor-1">rvc3@cornell.edu</corresp>
</author-notes>

<pub-date date-type="pub" publication-format="electronic" iso-8601-date="2024-03-07">
<year>2024</year>
<month>3</month>
<day>7</day>
</pub-date>







<history></history>


<abstract>
<p>Lorem ipsum dolor sit amet, consectetur adipiscing elit, sed do
eiusmod tempor incididunt ut labore et dolore magna aliqua. Ut enim ad
minim veniam, quis nostrud exercitation ullamco laboris nisi ut aliquip
ex ea commodo consequat. Duis aute irure dolor in reprehenderit in
voluptate velit esse cillum dolore eu fugiat nulla pariatur. Excepteur
sint occaecat cupidatat non proident, sunt in culpa qui officia deserunt
mollit anim id est laborum.</p>
</abstract>
<kwd-group kwd-group-type="author">
<kwd>Hemp</kwd>
<kwd>Grain</kwd>
<kwd>Spectroscopy</kwd>
</kwd-group>




</article-meta>

</front>

<body>
<sec id="abstract">
  <title>1 ABSTRACT</title>
</sec>
<sec id="introduction">
  <title>2 INTRODUCTION</title>
  <p>Hemp (Cannabis sativa L.) is an annual crop with potential uses as
  a source of food or feed from grain, and bast fiber or hurd from the
  stalk. Hemp cultivars are commonly grown for one or both purposes.
  Here, researchers are concerned with the assessment of percent crude
  protein (CP) in hemp grain using near-infrared spectroscopy
  (NIRS).</p>
  <p>Hemp grain with higher percent CP is of interest to researchers,
  producers, and consumers because of protein’s nutritional value. The
  protein content of whole hemp seed approximately 25-30 % dry matter
  (<xref alt="Bárta et al., 2024" rid="ref-barta_proteomic_2024" ref-type="bibr">Bárta
  et al., 2024</xref>).</p>
  <p>NIRS technology is rapid, non-destructive, and cheap. Within the
  context of plant breeding, a sample of undamaged grain may
  subsequently be planted. NIRS technology has been used since the
  1970’s to assess oil seeds Williams
  (<xref alt="1975" rid="ref-williams_application_1975" ref-type="bibr">1975</xref>).</p>
  <p>A calibration set typically consists of samples from many
  environments encompassing the range of expected values from the
  analyte
  (<xref alt="Chadalavada et al., 2022" rid="ref-chadalavada_nir_2022" ref-type="bibr">Chadalavada
  et al., 2022</xref>). For this study, a benchtop NIR spectrometer was
  used to develop a model to predict crude protein content based on a
  data set representing multiple years, locations, and cultivars.</p>
</sec>
<sec id="materials-and-methods">
  <title>3 MATERIALS AND METHODS</title>
  <sec id="hemp-grain-sample-background">
    <title>3.1 Hemp Grain Sample Background</title>
    <p>Spectral data were obtained from whole (unground) hemp grain
    samples, harvested at maturity, collected from 2017 - 2021 from 18
    cultivar trials in New York (NY) (149 samples). Grain samples were
    obtained by hand sampling or mechanical harvest and were cleaned of
    chaff and dried at 30 C for six days in a forced-air dryer. In
    total, 39 cultivars were represented in the data set. Cultivars were
    grain or dual-purpose types and included both commercially available
    and experimental material.</p>
    <p>All cultivar trials were planted in randomized complete block
    design with each cultivar replicated four times. The 2017 data were
    comprised of samples from the same thirteen cultivars sampled from
    six NY locations. For those trials, grain was harvested from each
    plot individually and aggregated by cultivar. Four subsamples were
    drawn from each aggregated sample and scanned separately. These
    spectra were averaged at each 2 nm increment. All remaining samples
    from 2018 - 2021 were collected on a per-plot basis. All possible
    cultivars and possible locations were represented in 2017, but only
    a selected subset of cultivars and locations were represented in
    2018-2021.</p>
  </sec>
  <sec id="spectral-data-collection">
    <title>3.2 Spectral Data Collection</title>
    <p>A benchtop NIR spectrometer (FOSS/ NIR FOSS/ NIR Systems model
    5000) was used to obtain the spectra (FOSS North America, Eden
    Prairie, MN, USA). Spectra were collected every 2 nm from 1100-2498
    nm and the logarithm of reciprocal reflectance was recorded.</p>
    <p>WINISI software version 1.02A (Infrasoft International, Port
    Matilda, PA, USA) was used to average the spectra in 2017, as well
    as to select samples for laboratory assay from 2018-2021. Samples
    were selected for assay according to their spectral distance from
    their nearest neighbor within the calibration data set with a cutoff
    of a distance of 0.6 H, where H is approximately equal to the
    squared Mahalanobis distance divided by the number of principal
    components used in the calculation
    (<xref alt="Garrido-Varo et al., 2019" rid="ref-garrido-varo_note_2019" ref-type="bibr">Garrido-Varo
    et al., 2019</xref>). For selection, spectra were preprocessed using
    SNV-detrend with settings 1,4,4,1 for the derivative, gap, smooth,
    and smooth 2 settings respectively.</p>
  </sec>
  <sec id="software-used">
    <title>3.3 Software used:</title>
    <p>Additional analysis was performed</p>
  </sec>
  <sec id="preprocessing">
    <title>3.4 Preprocessing</title>
    <p>Multiplicative scatter correction (MSC)</p>
    <p>standard normal variate (SNV) transformation</p>
    <p>The calibration set consisted of</p>
    <p>The validation set consisted of</p>
  </sec>
  <sec id="laboratory-validation">
    <title>3.5 Laboratory Validation</title>
    <p>Laboratory assays were performed by Dairy One Forage Laboratory
    (Ithaca, NY). For those assays, 1mm ground samples were analyzed by
    combustion using a CN628 or CN928 Carbon/Nitrogen Determinator.</p>
    <p>Prior to In 2017, an in</p>
  </sec>
</sec>
<sec id="results-and-discussion">
  <title>4 RESULTS AND DISCUSSION</title>
  <p>In wheat, heritability of grain protein content has an estimated
  range of values from 0.4 - 0.7 Geyer et al.
  (<xref alt="2022" rid="ref-geyer_genetics_2022" ref-type="bibr">2022</xref>)</p>
</sec>
<sec id="acknowledgments">
  <title>5 ACKNOWLEDGMENTS</title>
</sec>
<sec id="supplemental-material">
  <title>6 SUPPLEMENTAL MATERIAL</title>
</sec>
<sec id="optional-sections">
  <title>7 OPTIONAL SECTIONS</title>
</sec>
<sec id="references">
  <title>8 REFERENCES</title>
</sec>
<sec id="figures-and-tables">
  <title>9 FIGURES AND TABLES</title>
  <fig id="fig-timeline">
    <caption><p>Figure 1: Timeline of recent earthquakes on La
    Palma</p></caption>
    <graphic mimetype="image" mime-subtype="png" xlink:href="index_files/figure-jats/fig-timeline-1.png" />
  </fig>
  <p>Based on data up to and including 1971, eruptions on La Palma
  happen every 79.8 years on average.</p>
  <p>Studies of the magma systems feeding the volcano, such as
  (<xref alt="marrero2019?" rid="ref-marrero2019" ref-type="bibr"><bold>marrero2019?</bold></xref>),
  have proposed that there are two main magma reservoirs feeding the
  Cumbre Vieja volcano; one in the mantle (30-40km depth) which charges
  and in turn feeds a shallower crustal reservoir (10-20km depth).</p>
  <p>Eight eruptions have been recorded since the late 1400s
  (<xref alt="Figure 1" rid="fig-timeline">Figure 1</xref>).</p>
  <p>Data and methods are discussed in
  <xref alt="Section 10" rid="sec-data-methods">Section 10</xref>.</p>
  <p>Let <inline-formula><alternatives>
  <tex-math><![CDATA[x]]></tex-math>
  <mml:math display="inline" xmlns:mml="http://www.w3.org/1998/Math/MathML"><mml:mi>x</mml:mi></mml:math></alternatives></inline-formula>
  denote the number of eruptions in a year. Then,
  <inline-formula><alternatives>
  <tex-math><![CDATA[x]]></tex-math>
  <mml:math display="inline" xmlns:mml="http://www.w3.org/1998/Math/MathML"><mml:mi>x</mml:mi></mml:math></alternatives></inline-formula>
  can be modeled by a Poisson distribution</p>
  <p><styled-content id="eq-poisson"><disp-formula><alternatives>
  <tex-math><![CDATA[
  p(x) = \frac{e^{-\lambda} \lambda^{x}}{x !}
   \qquad(1)]]></tex-math>
  <mml:math display="block" xmlns:mml="http://www.w3.org/1998/Math/MathML"><mml:mrow><mml:mi>p</mml:mi><mml:mrow><mml:mo stretchy="true" form="prefix">(</mml:mo><mml:mi>x</mml:mi><mml:mo stretchy="true" form="postfix">)</mml:mo></mml:mrow><mml:mo>=</mml:mo><mml:mfrac><mml:mrow><mml:msup><mml:mi>e</mml:mi><mml:mrow><mml:mo>−</mml:mo><mml:mi>λ</mml:mi></mml:mrow></mml:msup><mml:msup><mml:mi>λ</mml:mi><mml:mi>x</mml:mi></mml:msup></mml:mrow><mml:mrow><mml:mi>x</mml:mi><mml:mi>!</mml:mi></mml:mrow></mml:mfrac><mml:mspace width="2.0em"></mml:mspace><mml:mrow><mml:mo stretchy="true" form="prefix">(</mml:mo><mml:mn>1</mml:mn><mml:mo stretchy="true" form="postfix">)</mml:mo></mml:mrow></mml:mrow></mml:math></alternatives></disp-formula></styled-content></p>
  <p>where <inline-formula><alternatives>
  <tex-math><![CDATA[\lambda]]></tex-math>
  <mml:math display="inline" xmlns:mml="http://www.w3.org/1998/Math/MathML"><mml:mi>λ</mml:mi></mml:math></alternatives></inline-formula>
  is the rate of eruptions per year. Using
  <xref alt="Equation 1" rid="eq-poisson">Equation 1</xref>, the
  probability of an eruption in the next <inline-formula><alternatives>
  <tex-math><![CDATA[t]]></tex-math>
  <mml:math display="inline" xmlns:mml="http://www.w3.org/1998/Math/MathML"><mml:mi>t</mml:mi></mml:math></alternatives></inline-formula>
  years can be calculated.</p>
  <fig id="tbl-history">
    <caption><p>Table 1: Recent historic eruptions on La
    Palma</p></caption>
    <table-wrap>
      <table>
        <thead>
          <tr>
            <th>Name</th>
            <th>Year</th>
          </tr>
        </thead>
        <tbody>
          <tr>
            <td>Current</td>
            <td>2021</td>
          </tr>
          <tr>
            <td>Teneguía</td>
            <td>1971</td>
          </tr>
          <tr>
            <td>Nambroque</td>
            <td>1949</td>
          </tr>
          <tr>
            <td>El Charco</td>
            <td>1712</td>
          </tr>
          <tr>
            <td>Volcán San Antonio</td>
            <td>1677</td>
          </tr>
          <tr>
            <td>Volcán San Martin</td>
            <td>1646</td>
          </tr>
          <tr>
            <td>Tajuya near El Paso</td>
            <td>1585</td>
          </tr>
          <tr>
            <td>Montaña Quemada</td>
            <td>1492</td>
          </tr>
        </tbody>
      </table>
    </table-wrap>
  </fig>
  <p><xref alt="Table 1" rid="tbl-history">Table 1</xref> summarises the
  eruptions recorded since the colonization of the islands by Europeans
  in the late 1400s.</p>
  <fig id="fig-map">
    <caption><p>Figure 2: Map of La Palma</p></caption>
    <graphic mimetype="image" mime-subtype="png" xlink:href="images/la-palma-map.png" />
  </fig>
  <p>La Palma is one of the west most islands in the Volcanic
  Archipelago of the Canary Islands
  (<xref alt="Figure 2" rid="fig-map">Figure 2</xref>).</p>
  <fig id="fig-spatial-plot">
    <caption><p>Figure 3: Locations of earthquakes on La Palma since
    2017</p></caption>
    <graphic mimetype="image" mime-subtype="png" xlink:href="index_files/figure-jats/notebooks-explore-earthquakes-fig-spatial-plot-output-1.png" />
  </fig>
  <p><xref alt="Figure 3" rid="fig-spatial-plot">Figure 3</xref> shows
  the location of recent Earthquakes on La Palma.</p>
</sec>
<sec id="sec-data-methods">
  <title>10 Data &amp; Methods</title>
</sec>
<sec id="conclusion">
  <title>11 Conclusion</title>
</sec>
</body>

<back>
<ref-list>
  <title>References</title>
  <ref id="ref-chadalavada_nir_2022">
    <element-citation publication-type="article-journal">
      <person-group person-group-type="author">
        <name><surname>Chadalavada</surname><given-names>Keerthi</given-names></name>
        <name><surname>Anbazhagan</surname><given-names>Krithika</given-names></name>
        <name><surname>Ndour</surname><given-names>Adama</given-names></name>
        <name><surname>Choudhary</surname><given-names>Sunita</given-names></name>
        <name><surname>Palmer</surname><given-names>William</given-names></name>
        <name><surname>Flynn</surname><given-names>Jamie R</given-names></name>
        <name><surname>Mallayee</surname><given-names>Srikanth</given-names></name>
        <name><surname>Pothu</surname><given-names>Sharada</given-names></name>
        <name><surname>Prasad</surname><given-names>Kodukula Venkata Subrahamanya Vara</given-names></name>
        <name><surname>Varijakshapanikar</surname><given-names>Padmakumar</given-names></name>
        <name><surname>Jones</surname><given-names>Chris S</given-names></name>
        <name><surname>Kholová</surname><given-names>Jana</given-names></name>
      </person-group>
      <article-title>NIR Instruments and Prediction Methods for Rapid Access to Grain Protein Content in Multiple Cereals.</article-title>
      <source>Sensors (Basel, Switzerland)</source>
      <year iso-8601-date="2022-05">2022</year><month>05</month>
      <volume>22</volume>
      <issue>10</issue>
      <issn>1424-8220</issn>
      <pub-id pub-id-type="doi">10.3390/s22103710</pub-id>
    </element-citation>
  </ref>
  <ref id="ref-reeves_potential_2012">
    <element-citation publication-type="article-journal">
      <person-group person-group-type="author">
        <name><surname>Reeves</surname><given-names>James B.</given-names></name>
      </person-group>
      <article-title>Potential of Near- and Mid-infrared Spectroscopy in Biofuel Production</article-title>
      <source>Communications in Soil Science and Plant Analysis</source>
      <year iso-8601-date="2012-01">2012</year><month>01</month>
      <date-in-citation content-type="access-date"><year iso-8601-date="2023-03-15">2023</year><month>03</month><day>15</day></date-in-citation>
      <volume>43</volume>
      <issue>1-2</issue>
      <issn>0010-3624</issn>
      <uri>https://doi.org/10.1080/00103624.2012.641844</uri>
      <pub-id pub-id-type="doi">10.1080/00103624.2012.641844</pub-id>
      <fpage>478</fpage>
      <lpage>495</lpage>
    </element-citation>
  </ref>
  <ref id="ref-garrido-varo_note_2019">
    <element-citation publication-type="article-journal">
      <person-group person-group-type="author">
        <name><surname>Garrido-Varo</surname><given-names>A</given-names></name>
        <name><surname>Garcia-Olmo</surname><given-names>J</given-names></name>
        <name><surname>Fearn</surname><given-names>T</given-names></name>
      </person-group>
      <article-title>A note on Mahalanobis and related distance measures in WinISI and The Unscrambler</article-title>
      <source>Journal of Near Infrared Spectroscopy</source>
      <year iso-8601-date="2019-08">2019</year><month>08</month>
      <date-in-citation content-type="access-date"><year iso-8601-date="2023-04-26">2023</year><month>04</month><day>26</day></date-in-citation>
      <volume>27</volume>
      <issue>4</issue>
      <issn>0967-0335</issn>
      <uri>https://doi.org/10.1177/0967033519848296</uri>
      <pub-id pub-id-type="doi">10.1177/0967033519848296</pub-id>
      <fpage>253</fpage>
      <lpage>258</lpage>
    </element-citation>
  </ref>
  <ref id="ref-williams_application_1975">
    <element-citation publication-type="article-journal">
      <person-group person-group-type="author">
        <name><surname>Williams</surname><given-names>P. C.</given-names></name>
      </person-group>
      <article-title>Application of near infrared reflectance spectroscopy to analysis of cereal grains and oilseeds</article-title>
      <source>Cereal chemistry</source>
      <year iso-8601-date="1975-07">1975</year><month>07</month>
      <volume>52</volume>
      <issue>4 p.561-576</issue>
      <issn>0009-0352</issn>
      <fpage>576</fpage>
      <lpage>561</lpage>
    </element-citation>
  </ref>
  <ref id="ref-barta_proteomic_2024">
    <element-citation publication-type="article-journal">
      <person-group person-group-type="author">
        <name><surname>Bárta</surname><given-names>Jan</given-names></name>
        <name><surname>Roudnický</surname><given-names>Pavel</given-names></name>
        <name><surname>Jarošová</surname><given-names>Markéta</given-names></name>
        <name><surname>Zdráhal</surname><given-names>Zbyněk</given-names></name>
        <name><surname>Stupková</surname><given-names>Adéla</given-names></name>
        <name><surname>Bártová</surname><given-names>Veronika</given-names></name>
        <name><surname>Krejčová</surname><given-names>Zlatuše</given-names></name>
        <name><surname>Kyselka</surname><given-names>Jan</given-names></name>
        <name><surname>Filip</surname><given-names>Vladimír</given-names></name>
        <name><surname>Říha</surname><given-names>Václav</given-names></name>
        <name><surname>Lorenc</surname><given-names>František</given-names></name>
        <name><surname>Bedrníček</surname><given-names>Jan</given-names></name>
        <name><surname>Smetana</surname><given-names>Pavel</given-names></name>
      </person-group>
      <article-title>Proteomic Profiles of Whole Seeds, Hulls, and Dehulled Seeds of Two Industrial Hemp (Cannabis sativa L.) Cultivars</article-title>
      <source>Plants</source>
      <year iso-8601-date="2024-01">2024</year><month>01</month>
      <date-in-citation content-type="access-date"><year iso-8601-date="2024-03-07">2024</year><month>03</month><day>07</day></date-in-citation>
      <volume>13</volume>
      <issue>1</issue>
      <issn>2223-7747</issn>
      <uri>https://www.mdpi.com/2223-7747/13/1/111</uri>
      <pub-id pub-id-type="doi">10.3390/plants13010111</pub-id>
      <fpage>111</fpage>
      <lpage></lpage>
    </element-citation>
  </ref>
  <ref id="ref-geyer_genetics_2022">
    <element-citation publication-type="article-journal">
      <person-group person-group-type="author">
        <name><surname>Geyer</surname><given-names>Manuel</given-names></name>
        <name><surname>Mohler</surname><given-names>Volker</given-names></name>
        <name><surname>Hartl</surname><given-names>Lorenz</given-names></name>
      </person-group>
      <article-title>Genetics of the Inverse Relationship between Grain Yield and Grain Protein Content in Common Wheat</article-title>
      <source>Plants</source>
      <year iso-8601-date="2022-08">2022</year><month>08</month>
      <date-in-citation content-type="access-date"><year iso-8601-date="2024-03-07">2024</year><month>03</month><day>07</day></date-in-citation>
      <volume>11</volume>
      <issue>16</issue>
      <issn>2223-7747</issn>
      <uri>https://www.ncbi.nlm.nih.gov/pmc/articles/PMC9413592/</uri>
      <pub-id pub-id-type="doi">10.3390/plants11162146</pub-id>
      <pub-id pub-id-type="pmid">36015449</pub-id>
      <fpage>2146</fpage>
      <lpage></lpage>
    </element-citation>
  </ref>
  <ref id="ref-giancaspro_genetic_2019">
    <element-citation publication-type="article-journal">
      <person-group person-group-type="author">
        <name><surname>Giancaspro</surname><given-names>Angelica</given-names></name>
        <name><surname>Giove</surname><given-names>Stefania L.</given-names></name>
        <name><surname>Blanco</surname><given-names>Antonio</given-names></name>
        <name><surname>Gadaleta</surname><given-names>Agata</given-names></name>
      </person-group>
      <article-title>Genetic Variation for Protein Content and Yield-Related Traits in a Durum Population Derived From an Inter-Specific Cross Between Hexaploid and Tetraploid Wheat Cultivars</article-title>
      <source>Frontiers in Plant Science</source>
      <year iso-8601-date="2019-11">2019</year><month>11</month>
      <date-in-citation content-type="access-date"><year iso-8601-date="2024-03-07">2024</year><month>03</month><day>07</day></date-in-citation>
      <volume>10</volume>
      <issn>1664-462X</issn>
      <uri>https://www.frontiersin.org/journals/plant-science/articles/10.3389/fpls.2019.01509/full</uri>
      <pub-id pub-id-type="doi">10.3389/fpls.2019.01509</pub-id>
    </element-citation>
  </ref>
</ref-list>
</back>

<sub-article article-type="notebook" id="nb-8-nb-article">
<front-stub>
<title-group>
<article-title>Near Infra-Red Spectroscopy Predicts Crude Protein in
Hemp Grain</article-title>
</title-group>
<contrib-group>
<contrib contrib-type="author" corresp="yes">
<name>
<surname>Crawford</surname>
<given-names>Ryan</given-names>
</name>
<string-name>Ryan Crawford</string-name>

<email>rvc3@cornell.edu</email>
<xref ref-type="aff" rid="aff-1-nb-article">a</xref>
<xref ref-type="corresp" rid="cor-1-nb-article">&#x002A;</xref>
</contrib>
<contrib contrib-type="author">
<name>
<surname>Crawford</surname>
<given-names>Jamie</given-names>
</name>
<string-name>Jamie Crawford</string-name>

<xref ref-type="aff" rid="aff-1-nb-article">a</xref>
</contrib>
<contrib contrib-type="author">
<name>
<surname>Smart</surname>
<given-names>Lawrence B.</given-names>
</name>
<string-name>Lawrence B. Smart</string-name>

<xref ref-type="aff" rid="aff-2-nb-article">b</xref>
<xref ref-type="aff" rid="aff-3-nb-article">c</xref>
</contrib>
<contrib contrib-type="author">
<name>
<surname>Moore</surname>
<given-names>Virginia</given-names>
</name>
<string-name>Virginia Moore</string-name>

<xref ref-type="aff" rid="aff-4-nb-article">d</xref>
</contrib>
</contrib-group>
<aff id="aff-1-nb-article">
<institution-wrap>
<institution>Cornell University</institution>
</institution-wrap>
<addr-line>126 Medicago Drive</addr-line>
<city>Ithaca</city>
<state>NY</state>

<postal-code>14853</postal-code>


</aff>
<aff id="aff-2-nb-article">
<institution-wrap>
<institution>Cornell AgriTech</institution>
</institution-wrap>
<addr-line>102 Hedrick Hall</addr-line>
<city>Geneva</city>
<state>NY</state>

<postal-code>14456</postal-code>


</aff>
<aff id="aff-3-nb-article">
<institution-wrap>
<institution>Curvenote</institution>
</institution-wrap>







</aff>
<aff id="aff-4-nb-article">
<institution-wrap>
<institution>Cornell University</institution>
</institution-wrap>
<addr-line>162 Emerson Hall</addr-line>
<city>Ithaca</city>
<state>NY</state>

<postal-code>14853</postal-code>


</aff>
<author-notes>
<corresp id="cor-1-nb-article">rvc3@cornell.edu</corresp>
</author-notes>
<abstract>
<p>Lorem ipsum dolor sit amet, consectetur adipiscing elit, sed do
eiusmod tempor incididunt ut labore et dolore magna aliqua. Ut enim ad
minim veniam, quis nostrud exercitation ullamco laboris nisi ut aliquip
ex ea commodo consequat. Duis aute irure dolor in reprehenderit in
voluptate velit esse cillum dolore eu fugiat nulla pariatur. Excepteur
sint occaecat cupidatat non proident, sunt in culpa qui officia deserunt
mollit anim id est laborum.</p>
</abstract>
</front-stub>

<body>
<sec id="nb-code-cell-1-nb-article" specific-use="notebook-code">
<code language="r script">library(tidyverse)</code>
<code language="r script">library(data.table)</code>
<sec id="nb-code-cell-1-output-0-nb-article" specific-use="notebook-output">
<preformat>── Attaching core tidyverse packages ──────────────────────── tidyverse 2.0.0 ──
✔ dplyr     1.1.4     ✔ readr     2.1.5
✔ forcats   1.0.0     ✔ stringr   1.5.1
✔ ggplot2   3.4.4     ✔ tibble    3.2.1
✔ lubridate 1.9.3     ✔ tidyr     1.3.0
✔ purrr     1.0.2     
── Conflicts ────────────────────────────────────────── tidyverse_conflicts() ──
✖ dplyr::filter() masks stats::filter()
✖ dplyr::lag()    masks stats::lag()
ℹ Use the conflicted package (&lt;http://conflicted.r-lib.org/&gt;) to force all conflicts to become errors</preformat>
</sec>
<sec id="nb-code-cell-1-output-1-nb-article" specific-use="notebook-output">
<preformat>
Attaching package: 'data.table'

The following objects are masked from 'package:lubridate':

    hour, isoweek, mday, minute, month, quarter, second, wday, week,
    yday, year

The following objects are masked from 'package:dplyr':

    between, first, last

The following object is masked from 'package:purrr':

    transpose</preformat>
</sec>
</sec>
<sec id="abstract-nb-article">
  <title>1 ABSTRACT</title>
</sec>
<sec id="introduction-nb-article">
  <title>2 INTRODUCTION</title>
  <p>Hemp (Cannabis sativa L.) is an annual crop with potential uses as
  a source of food or feed from grain, and bast fiber or hurd from the
  stalk. Hemp cultivars are commonly grown for one or both purposes.
  Here, researchers are concerned with the assessment of percent crude
  protein (CP) in hemp grain using near-infrared spectroscopy
  (NIRS).</p>
  <p>Hemp grain with higher percent CP is of interest to researchers,
  producers, and consumers because of protein’s nutritional value. The
  protein content of whole hemp seed approximately 25-30 % dry matter
  (<xref alt="Bárta et al., 2024" rid="ref-barta_proteomic_2024-nb-article" ref-type="bibr">Bárta
  et al., 2024</xref>).</p>
  <p>NIRS technology is rapid, non-destructive, and cheap. Within the
  context of plant breeding, a sample of undamaged grain may
  subsequently be planted. NIRS technology has been used since the
  1970’s to assess oil seeds Williams
  (<xref alt="1975" rid="ref-williams_application_1975-nb-article" ref-type="bibr">1975</xref>).</p>
  <p>A calibration set typically consists of samples from many
  environments encompassing the range of expected values from the
  analyte
  (<xref alt="Chadalavada et al., 2022" rid="ref-chadalavada_nir_2022-nb-article" ref-type="bibr">Chadalavada
  et al., 2022</xref>). For this study, a benchtop NIR spectrometer was
  used to develop a model to predict crude protein content based on a
  data set representing multiple years, locations, and cultivars.</p>
</sec>
<sec id="materials-and-methods-nb-article">
  <title>3 MATERIALS AND METHODS</title>
  <sec id="nb-code-cell-2-nb-article" specific-use="notebook-code">
  <code language="r script">bckgrnd &lt;- read_rds(&quot;./input_data/sample_background/simplified_background/background_data_set.Rds&quot;) |&gt; setDT()

 bckgrnd[,in_ny:= ifelse(loc!=&quot;kentucky&quot;, T, F)]
 
bg2 &lt;- bckgrnd[loc!=&quot;kentucky&quot;]
 
tab &lt;-  table(bckgrnd$in_ny)</code>
  </sec>
  <sec id="hemp-grain-sample-background-nb-article">
    <title>3.1 Hemp Grain Sample Background</title>
    <p>Spectral data were obtained from whole (unground) hemp grain
    samples, harvested at maturity, collected from 2017 - 2021 from 18
    cultivar trials in New York (NY) (149 samples). Grain samples were
    obtained by hand sampling or mechanical harvest and were cleaned of
    chaff and dried at 30 C for six days in a forced-air dryer. In
    total, 39 cultivars were represented in the data set. Cultivars were
    grain or dual-purpose types and included both commercially available
    and experimental material.</p>
    <p>All cultivar trials were planted in randomized complete block
    design with each cultivar replicated four times. The 2017 data were
    comprised of samples from the same thirteen cultivars sampled from
    six NY locations. For those trials, grain was harvested from each
    plot individually and aggregated by cultivar. Four subsamples were
    drawn from each aggregated sample and scanned separately. These
    spectra were averaged at each 2 nm increment. All remaining samples
    from 2018 - 2021 were collected on a per-plot basis. All possible
    cultivars and possible locations were represented in 2017, but only
    a selected subset of cultivars and locations were represented in
    2018-2021.</p>
  </sec>
  <sec id="spectral-data-collection-nb-article">
    <title>3.2 Spectral Data Collection</title>
    <p>A benchtop NIR spectrometer (FOSS/ NIR FOSS/ NIR Systems model
    5000) was used to obtain the spectra (FOSS North America, Eden
    Prairie, MN, USA). Spectra were collected every 2 nm from 1100-2498
    nm and the logarithm of reciprocal reflectance was recorded.</p>
    <p>WINISI software version 1.02A (Infrasoft International, Port
    Matilda, PA, USA) was used to average the spectra in 2017, as well
    as to select samples for laboratory assay from 2018-2021. Samples
    were selected for assay according to their spectral distance from
    their nearest neighbor within the calibration data set with a cutoff
    of a distance of 0.6 H, where H is approximately equal to the
    squared Mahalanobis distance divided by the number of principal
    components used in the calculation
    (<xref alt="Garrido-Varo et al., 2019" rid="ref-garrido-varo_note_2019-nb-article" ref-type="bibr">Garrido-Varo
    et al., 2019</xref>). For selection, spectra were preprocessed using
    SNV-detrend with settings 1,4,4,1 for the derivative, gap, smooth,
    and smooth 2 settings respectively.</p>
  </sec>
  <sec id="software-used-nb-article">
    <title>3.3 Software used:</title>
    <p>Additional analysis was performed</p>
  </sec>
  <sec id="preprocessing-nb-article">
    <title>3.4 Preprocessing</title>
    <p>Multiplicative scatter correction (MSC)</p>
    <p>standard normal variate (SNV) transformation</p>
    <p>The calibration set consisted of</p>
    <p>The validation set consisted of</p>
  </sec>
  <sec id="laboratory-validation-nb-article">
    <title>3.5 Laboratory Validation</title>
    <p>Laboratory assays were performed by Dairy One Forage Laboratory
    (Ithaca, NY). For those assays, 1mm ground samples were analyzed by
    combustion using a CN628 or CN928 Carbon/Nitrogen Determinator.</p>
    <p>Prior to In 2017, an in</p>
  </sec>
</sec>
<sec id="results-and-discussion-nb-article">
  <title>4 RESULTS AND DISCUSSION</title>
  <p>In wheat, heritability of grain protein content has an estimated
  range of values from 0.4 - 0.7 Geyer et al.
  (<xref alt="2022" rid="ref-geyer_genetics_2022-nb-article" ref-type="bibr">2022</xref>)</p>
</sec>
<sec id="acknowledgments-nb-article">
  <title>5 ACKNOWLEDGMENTS</title>
</sec>
<sec id="supplemental-material-nb-article">
  <title>6 SUPPLEMENTAL MATERIAL</title>
</sec>
<sec id="optional-sections-nb-article">
  <title>7 OPTIONAL SECTIONS</title>
</sec>
<sec id="references-nb-article">
  <title>8 REFERENCES</title>
</sec>
<sec id="figures-and-tables-nb-article">
  <title>9 FIGURES AND TABLES</title>
  <sec id="nb-code-cell-3-nb-article" specific-use="notebook-code">
  <code language="r script">eruptions &lt;- c(1492, 1585, 1646, 1677, 1712, 1949, 1971, 2021)
n_eruptions &lt;- length(eruptions)</code>
  </sec>
  <sec id="cell-fig-timeline-nb-article" specific-use="notebook-code">
  <code language="r script">par(mar = c(3, 1, 1, 1) + 0.1)
plot(eruptions, rep(0, n_eruptions), 
  pch = &quot;|&quot;, axes = FALSE)
axis(1)
box()</code>
  <fig id="fig-timeline-nb-article">
    <caption><p>Figure 1: Timeline of recent earthquakes on La
    Palma</p></caption>
    <graphic mimetype="image" mime-subtype="png" xlink:href="index_files/figure-jats/fig-timeline-1.png" />
  </fig>
  </sec>
  <sec id="nb-code-cell-4-nb-article" specific-use="notebook-code">
  <code language="r script">avg_years_between_eruptions &lt;- mean(diff(eruptions[-n_eruptions]))
avg_years_between_eruptions</code>
  <sec id="nb-code-cell-4-output-0-nb-article" specific-use="notebook-output">
  <preformat>[1] 79.83333</preformat>
  </sec>
  </sec>
  <p>Based on data up to and including 1971, eruptions on La Palma
  happen every 79.8 years on average.</p>
  <p>Studies of the magma systems feeding the volcano, such as
  (<xref alt="marrero2019?" rid="ref-marrero2019-nb-article" ref-type="bibr"><bold>marrero2019?</bold></xref>),
  have proposed that there are two main magma reservoirs feeding the
  Cumbre Vieja volcano; one in the mantle (30-40km depth) which charges
  and in turn feeds a shallower crustal reservoir (10-20km depth).</p>
  <p>Eight eruptions have been recorded since the late 1400s
  (<xref alt="Figure 1" rid="fig-timeline-nb-article">Figure 1</xref>).</p>
  <p>Data and methods are discussed in
  <xref alt="Section 10" rid="sec-data-methods-nb-article">Section 10</xref>.</p>
  <p>Let <inline-formula><alternatives>
  <tex-math><![CDATA[x]]></tex-math>
  <mml:math display="inline" xmlns:mml="http://www.w3.org/1998/Math/MathML"><mml:mi>x</mml:mi></mml:math></alternatives></inline-formula>
  denote the number of eruptions in a year. Then,
  <inline-formula><alternatives>
  <tex-math><![CDATA[x]]></tex-math>
  <mml:math display="inline" xmlns:mml="http://www.w3.org/1998/Math/MathML"><mml:mi>x</mml:mi></mml:math></alternatives></inline-formula>
  can be modeled by a Poisson distribution</p>
  <p><styled-content id="eq-poisson-nb-article"><disp-formula><alternatives>
  <tex-math><![CDATA[
  p(x) = \frac{e^{-\lambda} \lambda^{x}}{x !}
   \qquad(1)]]></tex-math>
  <mml:math display="block" xmlns:mml="http://www.w3.org/1998/Math/MathML"><mml:mrow><mml:mi>p</mml:mi><mml:mrow><mml:mo stretchy="true" form="prefix">(</mml:mo><mml:mi>x</mml:mi><mml:mo stretchy="true" form="postfix">)</mml:mo></mml:mrow><mml:mo>=</mml:mo><mml:mfrac><mml:mrow><mml:msup><mml:mi>e</mml:mi><mml:mrow><mml:mo>−</mml:mo><mml:mi>λ</mml:mi></mml:mrow></mml:msup><mml:msup><mml:mi>λ</mml:mi><mml:mi>x</mml:mi></mml:msup></mml:mrow><mml:mrow><mml:mi>x</mml:mi><mml:mi>!</mml:mi></mml:mrow></mml:mfrac><mml:mspace width="2.0em"></mml:mspace><mml:mrow><mml:mo stretchy="true" form="prefix">(</mml:mo><mml:mn>1</mml:mn><mml:mo stretchy="true" form="postfix">)</mml:mo></mml:mrow></mml:mrow></mml:math></alternatives></disp-formula></styled-content></p>
  <p>where <inline-formula><alternatives>
  <tex-math><![CDATA[\lambda]]></tex-math>
  <mml:math display="inline" xmlns:mml="http://www.w3.org/1998/Math/MathML"><mml:mi>λ</mml:mi></mml:math></alternatives></inline-formula>
  is the rate of eruptions per year. Using
  <xref alt="Equation 1" rid="eq-poisson-nb-article">Equation 1</xref>, the
  probability of an eruption in the next <inline-formula><alternatives>
  <tex-math><![CDATA[t]]></tex-math>
  <mml:math display="inline" xmlns:mml="http://www.w3.org/1998/Math/MathML"><mml:mi>t</mml:mi></mml:math></alternatives></inline-formula>
  years can be calculated.</p>
  <fig id="tbl-history-nb-article">
    <caption><p>Table 1: Recent historic eruptions on La
    Palma</p></caption>
    <table-wrap>
      <table>
        <thead>
          <tr>
            <th>Name</th>
            <th>Year</th>
          </tr>
        </thead>
        <tbody>
          <tr>
            <td>Current</td>
            <td>2021</td>
          </tr>
          <tr>
            <td>Teneguía</td>
            <td>1971</td>
          </tr>
          <tr>
            <td>Nambroque</td>
            <td>1949</td>
          </tr>
          <tr>
            <td>El Charco</td>
            <td>1712</td>
          </tr>
          <tr>
            <td>Volcán San Antonio</td>
            <td>1677</td>
          </tr>
          <tr>
            <td>Volcán San Martin</td>
            <td>1646</td>
          </tr>
          <tr>
            <td>Tajuya near El Paso</td>
            <td>1585</td>
          </tr>
          <tr>
            <td>Montaña Quemada</td>
            <td>1492</td>
          </tr>
        </tbody>
      </table>
    </table-wrap>
  </fig>
  <p><xref alt="Table 1" rid="tbl-history-nb-article">Table 1</xref> summarises the
  eruptions recorded since the colonization of the islands by Europeans
  in the late 1400s.</p>
  <fig id="fig-map-nb-article">
    <caption><p>Figure 2: Map of La Palma</p></caption>
    <graphic mimetype="image" mime-subtype="png" xlink:href="images/la-palma-map.png" />
  </fig>
  <p>La Palma is one of the west most islands in the Volcanic
  Archipelago of the Canary Islands
  (<xref alt="Figure 2" rid="fig-map-nb-article">Figure 2</xref>).</p>
  <sec id="cell-fig-spatial-plot-nb-article" specific-use="notebook-code">
  <code language="python">la_palma |&gt; 
  ggplot(aes(Longitude, Latitude)) +
  geom_point(aes(color = Magnitude, size = 40-`Depth(km)`)) +
  scale_color_viridis_c(direction = -1) + 
  scale_size(range = c(0.5, 2), guide = &quot;none&quot;) +
  theme_bw()</code>
  <sec id="cell-fig-spatial-plot-output-0-nb-article" specific-use="notebook-output">
  <fig id="fig-spatial-plot-nb-article">
    <caption><p>Figure 3: Locations of earthquakes on La Palma since
    2017</p></caption>
    <graphic mimetype="image" mime-subtype="png" xlink:href="index_files/figure-jats/notebooks-explore-earthquakes-fig-spatial-plot-output-1.png" />
  </fig>
  </sec>
  </sec>
  <p><xref alt="Figure 3" rid="fig-spatial-plot-nb-article">Figure 3</xref> shows
  the location of recent Earthquakes on La Palma.</p>
</sec>
<sec id="sec-data-methods-nb-article">
  <title>10 Data &amp; Methods</title>
</sec>
<sec id="conclusion-nb-article">
  <title>11 Conclusion</title>
</sec>
</body>



<back>
<ref-list>
  <title>References</title>
  <ref id="ref-chadalavada_nir_2022-nb-article">
    <element-citation publication-type="article-journal">
      <person-group person-group-type="author">
        <name><surname>Chadalavada</surname><given-names>Keerthi</given-names></name>
        <name><surname>Anbazhagan</surname><given-names>Krithika</given-names></name>
        <name><surname>Ndour</surname><given-names>Adama</given-names></name>
        <name><surname>Choudhary</surname><given-names>Sunita</given-names></name>
        <name><surname>Palmer</surname><given-names>William</given-names></name>
        <name><surname>Flynn</surname><given-names>Jamie R</given-names></name>
        <name><surname>Mallayee</surname><given-names>Srikanth</given-names></name>
        <name><surname>Pothu</surname><given-names>Sharada</given-names></name>
        <name><surname>Prasad</surname><given-names>Kodukula Venkata Subrahamanya Vara</given-names></name>
        <name><surname>Varijakshapanikar</surname><given-names>Padmakumar</given-names></name>
        <name><surname>Jones</surname><given-names>Chris S</given-names></name>
        <name><surname>Kholová</surname><given-names>Jana</given-names></name>
      </person-group>
      <article-title>NIR Instruments and Prediction Methods for Rapid Access to Grain Protein Content in Multiple Cereals.</article-title>
      <source>Sensors (Basel, Switzerland)</source>
      <year iso-8601-date="2022-05">2022</year><month>05</month>
      <volume>22</volume>
      <issue>10</issue>
      <issn>1424-8220</issn>
      <pub-id pub-id-type="doi">10.3390/s22103710</pub-id>
    </element-citation>
  </ref>
  <ref id="ref-reeves_potential_2012-nb-article">
    <element-citation publication-type="article-journal">
      <person-group person-group-type="author">
        <name><surname>Reeves</surname><given-names>James B.</given-names></name>
      </person-group>
      <article-title>Potential of Near- and Mid-infrared Spectroscopy in Biofuel Production</article-title>
      <source>Communications in Soil Science and Plant Analysis</source>
      <year iso-8601-date="2012-01">2012</year><month>01</month>
      <date-in-citation content-type="access-date"><year iso-8601-date="2023-03-15">2023</year><month>03</month><day>15</day></date-in-citation>
      <volume>43</volume>
      <issue>1-2</issue>
      <issn>0010-3624</issn>
      <uri>https://doi.org/10.1080/00103624.2012.641844</uri>
      <pub-id pub-id-type="doi">10.1080/00103624.2012.641844</pub-id>
      <fpage>478</fpage>
      <lpage>495</lpage>
    </element-citation>
  </ref>
  <ref id="ref-garrido-varo_note_2019-nb-article">
    <element-citation publication-type="article-journal">
      <person-group person-group-type="author">
        <name><surname>Garrido-Varo</surname><given-names>A</given-names></name>
        <name><surname>Garcia-Olmo</surname><given-names>J</given-names></name>
        <name><surname>Fearn</surname><given-names>T</given-names></name>
      </person-group>
      <article-title>A note on Mahalanobis and related distance measures in WinISI and The Unscrambler</article-title>
      <source>Journal of Near Infrared Spectroscopy</source>
      <year iso-8601-date="2019-08">2019</year><month>08</month>
      <date-in-citation content-type="access-date"><year iso-8601-date="2023-04-26">2023</year><month>04</month><day>26</day></date-in-citation>
      <volume>27</volume>
      <issue>4</issue>
      <issn>0967-0335</issn>
      <uri>https://doi.org/10.1177/0967033519848296</uri>
      <pub-id pub-id-type="doi">10.1177/0967033519848296</pub-id>
      <fpage>253</fpage>
      <lpage>258</lpage>
    </element-citation>
  </ref>
  <ref id="ref-williams_application_1975-nb-article">
    <element-citation publication-type="article-journal">
      <person-group person-group-type="author">
        <name><surname>Williams</surname><given-names>P. C.</given-names></name>
      </person-group>
      <article-title>Application of near infrared reflectance spectroscopy to analysis of cereal grains and oilseeds</article-title>
      <source>Cereal chemistry</source>
      <year iso-8601-date="1975-07">1975</year><month>07</month>
      <volume>52</volume>
      <issue>4 p.561-576</issue>
      <issn>0009-0352</issn>
      <fpage>576</fpage>
      <lpage>561</lpage>
    </element-citation>
  </ref>
  <ref id="ref-barta_proteomic_2024-nb-article">
    <element-citation publication-type="article-journal">
      <person-group person-group-type="author">
        <name><surname>Bárta</surname><given-names>Jan</given-names></name>
        <name><surname>Roudnický</surname><given-names>Pavel</given-names></name>
        <name><surname>Jarošová</surname><given-names>Markéta</given-names></name>
        <name><surname>Zdráhal</surname><given-names>Zbyněk</given-names></name>
        <name><surname>Stupková</surname><given-names>Adéla</given-names></name>
        <name><surname>Bártová</surname><given-names>Veronika</given-names></name>
        <name><surname>Krejčová</surname><given-names>Zlatuše</given-names></name>
        <name><surname>Kyselka</surname><given-names>Jan</given-names></name>
        <name><surname>Filip</surname><given-names>Vladimír</given-names></name>
        <name><surname>Říha</surname><given-names>Václav</given-names></name>
        <name><surname>Lorenc</surname><given-names>František</given-names></name>
        <name><surname>Bedrníček</surname><given-names>Jan</given-names></name>
        <name><surname>Smetana</surname><given-names>Pavel</given-names></name>
      </person-group>
      <article-title>Proteomic Profiles of Whole Seeds, Hulls, and Dehulled Seeds of Two Industrial Hemp (Cannabis sativa L.) Cultivars</article-title>
      <source>Plants</source>
      <year iso-8601-date="2024-01">2024</year><month>01</month>
      <date-in-citation content-type="access-date"><year iso-8601-date="2024-03-07">2024</year><month>03</month><day>07</day></date-in-citation>
      <volume>13</volume>
      <issue>1</issue>
      <issn>2223-7747</issn>
      <uri>https://www.mdpi.com/2223-7747/13/1/111</uri>
      <pub-id pub-id-type="doi">10.3390/plants13010111</pub-id>
      <fpage>111</fpage>
      <lpage></lpage>
    </element-citation>
  </ref>
  <ref id="ref-geyer_genetics_2022-nb-article">
    <element-citation publication-type="article-journal">
      <person-group person-group-type="author">
        <name><surname>Geyer</surname><given-names>Manuel</given-names></name>
        <name><surname>Mohler</surname><given-names>Volker</given-names></name>
        <name><surname>Hartl</surname><given-names>Lorenz</given-names></name>
      </person-group>
      <article-title>Genetics of the Inverse Relationship between Grain Yield and Grain Protein Content in Common Wheat</article-title>
      <source>Plants</source>
      <year iso-8601-date="2022-08">2022</year><month>08</month>
      <date-in-citation content-type="access-date"><year iso-8601-date="2024-03-07">2024</year><month>03</month><day>07</day></date-in-citation>
      <volume>11</volume>
      <issue>16</issue>
      <issn>2223-7747</issn>
      <uri>https://www.ncbi.nlm.nih.gov/pmc/articles/PMC9413592/</uri>
      <pub-id pub-id-type="doi">10.3390/plants11162146</pub-id>
      <pub-id pub-id-type="pmid">36015449</pub-id>
      <fpage>2146</fpage>
      <lpage></lpage>
    </element-citation>
  </ref>
  <ref id="ref-giancaspro_genetic_2019-nb-article">
    <element-citation publication-type="article-journal">
      <person-group person-group-type="author">
        <name><surname>Giancaspro</surname><given-names>Angelica</given-names></name>
        <name><surname>Giove</surname><given-names>Stefania L.</given-names></name>
        <name><surname>Blanco</surname><given-names>Antonio</given-names></name>
        <name><surname>Gadaleta</surname><given-names>Agata</given-names></name>
      </person-group>
      <article-title>Genetic Variation for Protein Content and Yield-Related Traits in a Durum Population Derived From an Inter-Specific Cross Between Hexaploid and Tetraploid Wheat Cultivars</article-title>
      <source>Frontiers in Plant Science</source>
      <year iso-8601-date="2019-11">2019</year><month>11</month>
      <date-in-citation content-type="access-date"><year iso-8601-date="2024-03-07">2024</year><month>03</month><day>07</day></date-in-citation>
      <volume>10</volume>
      <issn>1664-462X</issn>
      <uri>https://www.frontiersin.org/journals/plant-science/articles/10.3389/fpls.2019.01509/full</uri>
      <pub-id pub-id-type="doi">10.3389/fpls.2019.01509</pub-id>
    </element-citation>
  </ref>
</ref-list>
</back>


</sub-article>
<sub-article article-type="notebook" id="nb-4-nb-1">
<front-stub>
<title-group>
<article-title>Explore Earthquakes</article-title>
</title-group>
<contrib-group>
<contrib contrib-type="author">
<name>
<surname>Wickham</surname>
<given-names>Charlotte</given-names>
</name>
<string-name>Charlotte Wickham</string-name>

</contrib>
</contrib-group>
</front-stub>

<body>
<sec id="nb-code-cell-1-nb-1" specific-use="notebook-code">
<code language="r script">library(tidyverse)
</code>
<sec id="nb-code-cell-1-output-0-nb-1" specific-use="notebook-output">
<preformat>── Attaching core tidyverse packages ──────────────────────── tidyverse 2.0.0 ──
✔ dplyr     1.1.3     ✔ readr     2.1.4
✔ forcats   1.0.0     ✔ stringr   1.5.0
✔ ggplot2   3.4.3     ✔ tibble    3.2.1
✔ lubridate 1.9.2     ✔ tidyr     1.3.0
✔ purrr     1.0.2     
── Conflicts ────────────────────────────────────────── tidyverse_conflicts() ──
✖ dplyr::filter() masks stats::filter()
✖ dplyr::lag()    masks stats::lag()
ℹ Use the conflicted package (&lt;http://conflicted.r-lib.org/&gt;) to force all conflicts to become errors</preformat>
</sec>
</sec>
<p>Read a clean version of data:</p>
<sec id="nb-code-cell-2-nb-1" specific-use="notebook-code">
<code language="r script">la_palma &lt;- read_csv(&quot;la-palma.csv&quot;)
</code>
<sec id="nb-code-cell-2-output-0-nb-1" specific-use="notebook-output">
<preformat>Rows: 11347 Columns: 5
── Column specification ────────────────────────────────────────────────────────
Delimiter: &quot;,&quot;
dbl  (4): Longitude, Latitude, Depth(km), Magnitude
dttm (1): DateTime

ℹ Use `spec()` to retrieve the full column specification for this data.
ℹ Specify the column types or set `show_col_types = FALSE` to quiet this message.</preformat>
</sec>
</sec>
<p>Create spatial plot:</p>
<sec id="cell-fig-spatial-plot-nb-1" specific-use="notebook-code">
<code language="r script">#|   against longitude.&quot;
la_palma |&gt; 
  ggplot(aes(Longitude, Latitude)) +
  geom_point(aes(color = Magnitude, size = 40-`Depth(km)`)) +
  scale_color_viridis_c(direction = -1) + 
  scale_size(range = c(0.5, 2), guide = &quot;none&quot;) +
  theme_bw()
</code>
<fig id="fig-spatial-plot-nb-1">
  <caption><p>Locations of earthquakes on La Palma since
  2017</p></caption>
  <graphic mimetype="image" mime-subtype="png" xlink:href="explore-earthquakes_files/figure-jats/fig-spatial-plot-1.png" />
</fig>
</sec>
</body>



<back>
</back>


</sub-article>

</article>